"DisplayName","DisplayVersion","Publisher","InstallDate"
".NET for Android Templates (x64)","35.0.105.0","Microsoft Corporation","20251101"
".NET for Android Templates (x64)","35.0.78.0","Microsoft Corporation","20250802"
".NET MAUI SDK (x64)","8.0.100.0","Microsoft Corporation","20251007"
".NET MAUI SDK (x64)","9.0.111.0","Microsoft Corporation","20251014"
".NET MAUI Templates (x64)","8.0.100.0","Microsoft Corporation","20251007"
".NET MAUI Templates (x64)","9.0.111.0","Microsoft Corporation","20251014"
"${{arpDisplayName}}","11.2","NVIDIA Corporation","20201226"
"7-Zip 25.01 (x64)","25.01","Igor Pavlov",
"Adobe Acrobat","25.001.20997","Adobe Systems Incorporated","20251209"
"Adobe Creative Cloud","6.7.0.278","Adobe Inc.",
"Adobe Refresh Manager","1.8.0","Adobe Systems Incorporated","20250905"
"Alloy v1.11.2","v1.11.2","Grafana Labs",
"Android Studio","2022.3","Google LLC",
"Application Verifier x64 External Package (DesktopEditions)","10.1.26100.6901","Microsoft","20251111"
"Application Verifier x64 External Package (OnecoreUAP)","10.1.26100.6901","Microsoft","20251111"
"Arduino Cloud Agent","1.6.1","Arduino LLC","20240929"
"Arduino IDE 2.3.6","2.3.6","Arduino SA",
"arduino-create-agent","1.4.0","Arduino LLC","20240427"
"ASUS Aac_GmAcc HAL","1.0.12.0","ASUSTek COMPUTER INC.","20230714"
"ASUS Aac_GmAcc HAL","1.0.12.0","ASUSTek COMPUTER INC.",
"ASUS AIOFan HAL","1.4.0.0","ASUSTek COMPUTER INC.",
"ASUS AIOFan HAL","1.4.0.0","ASUSTek COMPUTER INC.","20241108"
"ASUS Ambient HAL","4.2.0.0","ASUSTeK COMPUTER INC.","20241108"
"ASUS Ambient HAL","4.2.0.0","ASUSTeK COMPUTER INC.",
"ASUS AURA Extension Card HAL","1.1.0.20","ASUSTeK COMPUTER INC.",
"ASUS AURA Extension Card HAL","1.1.0.20","ASUSTeK COMPUTER INC.","20230714"
"ASUS AURA Motherboard HAL","1.5.0.2","ASUSTeK COMPUTER INC.","20241108"
"ASUS AURA Motherboard HAL","1.5.0.2","ASUSTeK COMPUTER INC.",
"ASUS Aura SDK","3.04.46","ASUSTek COMPUTER INC.","20241108"
"ASUS AURA VGA Component","0.0.4.3","ASUSTek COMPUTER INC. ","20211002"
"ASUS AURA VGA Component","0.0.4.3","ASUSTek COMPUTER INC. ",
"ASUS Framework Service","4.2.0.4","ASUSTeK Computer Inc.","20241108"
"ASUS Motherboard","4.03.01","ASUSTek Computer Inc.",
"ASUS Switch","1.0.16.0","ASUSTeK COMPUTER INC.","20231020"
"ASUS Update Helper","1.3.107.145","ASUSTeK Computer Inc.","20251031"
"ASUS Wireless Router Device Discovery Utility","1.4.8.0","ASUS","20200913"
"Audacity 3.7.5","3.7.5","Audacity Team","20250831"
"AURA DRAM Component","1.1.27","ASUS","20241108"
"AURA DRAM Component","1.1.27","ASUS",
"AURA lighting effect add-on","0.0.44","ASUSTek COMPUTER INC.","20241108"
"AURA lighting effect add-on x64","0.0.44","ASUSTek COMPUTER INC.","20241108"
"AURA Service","3.07.54","ASUSTeK Computer Inc.",
"AURA Service","3.07.54","ASUSTeK Computer Inc.","20241108"
"Aura Wallpaper HTML","2.1.6.0","ASUSTek Computer Inc.",
"Aura Wallpaper Service","2.1.6.0","ASUSTeK COMPUTER INC.","20250724"
"Azure DevOps Integration Tool for Office 2019 (x64)","17.1.32304","Microsoft Corporation","20231217"
"Azure DevOps Integration Tool for Office 2019 Language Pack (x64) - ENU","17.1.32304","Microsoft Corporation","20231217"
"BCD and Boot","10.1.26100.2454","Microsoft","20250916"
"Canon Utilities Digital Photo Professional 4","4.18.10.0","Canon Inc.",
"Canon Utilities EOS Lens Registration Tool","1.17.0.1","Canon Inc.",
"Canon Utilities EOS Network Setting Tool","1.3.1.1","Canon Inc.",
"Canon Utilities EOS Utility 2","2.14.20.0","Canon Inc.",
"Canon Utilities EOS Utility 3","3.16.10.8","Canon Inc.",
"Canon Utilities EOS Web Service Registration Tool","1.16.10.1","Canon Inc.",
"Canon Utilities Neural network Image Processing Tool","1.1.0.0","Canon Inc.",
"chocolatey","2.5.0","Chocolatey",
"chocolatey-compatibility.extension","1.0.0","Chocolatey",
"chocolatey-core.extension","1.4.0","Chocolatey",
"chocolatey-dotnetfx.extension","1.0.1","Chocolatey",
"chocolatey-visualstudio.extension","1.11.1","Chocolatey",
"chocolatey-windowsupdate.extension","1.0.5","Chocolatey",
"Chrome Remote Desktop Host","143.0.7499.7","Google LLC","20251111"
"ClickOnce Bootstrapper Package for Microsoft .NET Framework","4.8.09256","Microsoft Corporation","20250106"
"CMake","4.2.1","Kitware","20251214"
"Compute Sanitizer","11.2","NVIDIA Corporation","20201226"
"CopyTrans HEIC for Windows","1.0.0.8","Ursa Minor Ltd","20210823"
"Corsair LINK 4","4.9.7.35","Corsair Components, Inc.",
"Corsair LINK 4","4.9.7.35","Corsair Components, Inc.","20200629"
"CPUID CPU-Z 2.16","2.16","CPUID, Inc.","20250831"
"CUBLAS Development","11.2","NVIDIA Corporation","20201226"
"CUBLAS Runtime","11.2","NVIDIA Corporation","20201226"
"CUDA Documentation","11.2","NVIDIA Corporation","20201226"
"CUDA Profiler Tools","11.2","NVIDIA Corporation","20201226"
"CUDA Toolkit","11.2","NVIDIA Corporation","20201226"
"CUDART Runtime","11.2","NVIDIA Corporation","20201226"
"CUFFT Development","11.2","NVIDIA Corporation","20201226"
"cuobjdump","11.2","NVIDIA Corporation","20201226"
"CUPTI","11.2","NVIDIA Corporation","20201226"
"CURAND Development","11.2","NVIDIA Corporation","20201226"
"CURAND Runtime","11.2","NVIDIA Corporation","20201226"
"CUSOLVER Development","11.2","NVIDIA Corporation","20201226"
"CUSOLVER Runtime","11.2","NVIDIA Corporation","20201226"
"CUSPARSE Development","11.2","NVIDIA Corporation","20201226"
"CUSPARSE Runtime","11.2","NVIDIA Corporation","20201226"
"cuxxfilt","11.2","NVIDIA Corporation","20201226"
"CyberLink PhotoDirector 14","14.1.1130.0","CyberLink Corp.",
"CyberPower PowerPanel Personal 2.6.1","2.6.1","CyberPower Systems, Inc.",
"DataGrip 2025.2.4","252.26830.46","JetBrains s.r.o.",
"DaVinci Resolve Keyboards","1.0.0.0","Blackmagic Design","20200810"
"DB Browser for SQLite","3.13.1","DB Browser for SQLite Team","20250817"
"Demo Suite","11.2","NVIDIA Corporation","20201226"
"Devart ODBC Driver for SQLite 4.5.2","4.5.2","Devart","20250809"
"DiagnosticsHub_CollectionService","17.14.36412","Microsoft Corporation","20250830"
"Disassembler","11.2","NVIDIA Corporation","20201226"
"DJI Assistant 2 version V1.2.5","V1.2.5","DJI","20230828"
"DJI Flight Simulator 2.2.0.0","2.2.0.0","DJI",
"DJI Thermal Analysis Tool","V2.0.11","DJI Tech, Inc.",
"Docker Desktop","4.54.0","Docker Inc.",
"Documentation Manager","24.0.2.1","Intel Corporation","20251210"
"dotnetfx","4.8.0.20220524","Chocolatey",
"doxygen 1.14.0","1.14.0","Dimitri van Heesch","20250831"
"Dynamic Application Loader Host Interface Service","1.0.0.0","Intel Corporation","20211210"
"ENE RGB HAL","1.1.53.0","Ene Tech.","20241108"
"ENE RGB HAL","1.1.53.0","Ene Tech.",
"ENE_EHD_M2_HAL","1.0.13.0","ENE TECHNOLOGY INC.",
"ENE_EHD_M2_HAL","1.0.13.0","ENE TECHNOLOGY INC.","20241108"
"Entity Framework 6.5.0 Tools  for Visual Studio 2022","6.5.0.0","Microsoft Corporation","20250802"
"EOS Webcam Utility Pro","2.1.18","Canon U.S.A., Inc.","20240112"
"Epubor Audible Converter","1.0.10.288","Epubor Studio",
"FFmpeg 5.0.0 for Audacity - x86_64",,,"20240110"
"FileZilla 3.69.5","3.69.5","Tim Kosse",
"FLICK version 1.0.0.40","1.0.0.40","Fnatic Gear","20221229"
"FurMark ROG 2.9.0.0 x64","2.9.0.0","Geeks3D","20250831"
"GDR 6169 for SQL Server 2014 (KB5014165) (64-bit)","12.3.6169.19","Microsoft Corporation","20221007"
"GDR 6174 for SQL Server 2014 (KB5021037) (64-bit)","12.3.6174.8","Microsoft Corporation","20230214"
"GDR 6179 for SQL Server 2014 (KB5029184) (64-bit)","12.3.6179.1","Microsoft Corporation","20231020"
"Geeks3D FurMark 2.8.0.0 x64","2.8.0.0","Geeks3D","20250517"
"Git","2.52.0","The Git Development Community","20251118"
"GlideX Service Installer","1.0.9.0","ASUSTeK COMPUTER INC.","20220422"
"GNU Privacy Guard","2.4.8","The GnuPG Project",
"Go Programming Language amd64 go1.25.1","1.25.1","https://go.dev","20250915"
"Google Chrome","143.0.7499.109","Google LLC","20251210"
"Gpg4win (4.4.1)","4.4.1","The Gpg4win Project",
"GPU Tweak III","1.2.4.1","ASUS",
"GPU Tweak III","1.2.4.1","ASUS","20210413"
"Graphviz","13.1.2","Graphviz",
"GTK2-Runtime","2.22.0-2010-10-21-ash","Alexander Shaduri",
"HP Presence Video","3.3.30.0","HP Inc.","20240505"
"HWiNFO® 64","8.30","Martin Malik, REALiX s.r.o.","20250921"
"icecap_collection_neutral","17.14.36015","Microsoft Corporation","20250802"
"icecap_collection_x64","17.14.36015","Microsoft Corporation","20250802"
"icecap_collectionresources","17.14.36015","Microsoft Corporation","20250802"
"icecap_collectionresourcesx64","17.14.36015","Microsoft Corporation","20250802"
"IIS 10.0 Express","10.0.10007","Microsoft Corporation","20250802"
"IIS Express Application Compatibility Database for x64",,,
"IIS Express Application Compatibility Database for x86",,,
"Imaging And Configuration Designer (DesktopEditions)","10.1.26100.2454","Microsoft","20250916"
"Imaging And Configuration Designer (OnecoreUAP)","10.1.26100.2454","Microsoft","20250916"
"Imaging Designer (DesktopEditions)","10.1.26100.2454","Microsoft","20250916"
"Imaging Designer (OnecoreUAP)","10.1.26100.2454","Microsoft","20250916"
"Imaging Tools Support (DesktopEditions)","10.1.26100.2454","Microsoft","20250916"
"Imaging Tools Support (OnecoreUAP)","10.1.26100.2454","Microsoft","20250916"
"Inno Setup version 6.5.3","6.5.3","jrsoftware.org","20250921"
"Integration Services","16.0.5491.7","Microsoft Corporation","20250222"
"Intel Driver && Support Assistant","25.4.36.6","Intel","20250909"
"Intel Processor Diagnostic Tool 64bit","4.1.5","Intel Corporation","20211002"
"Intel(R) Chipset Device Software","10.1.18295.8201","Intel Corporation","20211002"
"Intel(R) Chipset Device Software","10.1.18295.8201","Intel(R) Corporation",
"Intel(R) Graphics Driver Software","3.11.1.0","Intel",
"Intel(R) Icls","1.0.0.0","Intel Corporation","20211210"
"Intel(R) LMS","1.0.0.0","Intel Corporation","20211210"
"Intel(R) LMS","1.0.0.0","Intel Corporation","20211210"
"Intel(R) Management Engine Components","1.0.0.0","Intel Corporation","20211210"
"Intel(R) Management Engine Components","2134.15.0.2422","Intel Corporation",
"Intel(R) Management Engine Driver","1.0.0.0","Intel Corporation","20211210"
"Intel(R) Network Connections 26.4.0.5","26.4.0.5","Intel","20211001"
"Intel(R) Network Connections 26.4.0.5","26.4.0.5","Intel","20211001"
"Intel(R) Wireless Bluetooth(R)","24.0.1.1","Intel Corporation","20251210"
"Intel® Driver & Support Assistant","25.4.36.6","Intel","20250909"
"Intel® Processor Identification Utility","6.4.0603","Intel Corporation","20201107"
"Intel® Software Installer","23.110.0.5","Intel Corporation",
"Intel® Software Installer","24.0.2.1","Intel Corporation","20251210"
"IntelliTraceProfilerProxy","15.0.21225.01","Microsoft Corporation","20231016"
"IntelliTraceProfilerProxy","15.0.21225.01","Microsoft Corporation","20231016"
"ISO to USB",,"isotousb.com","20211008"
"Java 8 Update 461 (64-bit)","8.0.4610.11","Oracle Corporation","20250831"
"Java Auto Updater","2.8.461.11","Oracle Corporation","20250831"
"KB2919355","1.0.20160915","Chocolatey",
"KB2919442","1.0.20160915","Chocolatey",
"KB2999226","1.0.20181019","Chocolatey",
"KB3033929","1.0.5","Chocolatey",
"KB3035131","1.0.3","Chocolatey",
"Kingston AURA DRAM Component","1.1.36","KINGSTON COMPONENTS INC.",
"Kingston AURA DRAM Component","1.1.36","KINGSTON COMPONENTS INC.","20241108"
"Kits Configuration Installer","10.1.26100.6901","Microsoft","20251111"
"kubernetes-helm","3.18.5","Chocolatey",
"LAME v3.99.3 (for Windows)",,,"20230528"
"LedFX x.x.x","x.x.x","LedFX",
"Lighttoys Composer version 4.2","4.2",,"20251102"
"Logitech G HUB","2024.9.649333","Logitech",
"MEMCHECK","11.2","NVIDIA Corporation","20201226"
"Microsoft .NET 8.0 Templates 8.0.416 (x64)","32.13.62978","Microsoft Corporation","20251111"
"Microsoft .NET 9.0 Templates 9.0.112 (x64)","36.11.62288","Microsoft Corporation","20251111"
"Microsoft .NET 9.0 Templates 9.0.307 (x64)","36.11.62287","Microsoft Corporation","20251111"
"Microsoft .NET AppHost Pack - 8.0.22 (x64_arm64)","64.88.42551","Microsoft Corporation","20251111"
"Microsoft .NET AppHost Pack - 8.0.22 (x64_x86)","64.88.42551","Microsoft Corporation","20251111"
"Microsoft .NET AppHost Pack - 8.0.22 (x64)","64.88.42551","Microsoft Corporation","20251111"
"Microsoft .NET AppHost Pack - 9.0.11 (x64_arm64)","72.44.42384","Microsoft Corporation","20251111"
"Microsoft .NET AppHost Pack - 9.0.11 (x64_x86)","72.44.42384","Microsoft Corporation","20251111"
"Microsoft .NET AppHost Pack - 9.0.11 (x64)","72.44.42384","Microsoft Corporation","20251111"
"Microsoft .NET Core 2.0.6 - Windows Server Hosting","2.0.40314.10011","Microsoft Corporation",
"Microsoft .NET Core 3.1.32 - Windows Server Hosting","3.1.32.22566","Microsoft Corporation",
"Microsoft .NET Core Host - 2.0.6 (x64)","16.24.26212","Microsoft Corporation","20230112"
"Microsoft .NET Core Host - 2.0.6 (x86)","16.24.26212","Microsoft Corporation","20230112"
"Microsoft .NET Core Host - 3.1.32 (x64)","24.192.31915","Microsoft Corporation","20221213"
"Microsoft .NET Core Host - 3.1.32 (x86)","24.192.31915","Microsoft Corporation","20250916"
"Microsoft .NET Core Host FX Resolver - 2.0.6 (x64)","16.24.26212","Microsoft Corporation","20230112"
"Microsoft .NET Core Host FX Resolver - 2.0.6 (x86)","16.24.26212","Microsoft Corporation","20230112"
"Microsoft .NET Core Host FX Resolver - 3.1.32 (x64)","24.192.31915","Microsoft Corporation","20221213"
"Microsoft .NET Core Host FX Resolver - 3.1.32 (x86)","24.192.31915","Microsoft Corporation","20250916"
"Microsoft .NET Core Runtime - 2.0.6 (x64)","16.24.26212","Microsoft Corporation","20230112"
"Microsoft .NET Core Runtime - 2.0.6 (x64)","2.0.6.26212","Microsoft Corporation",
"Microsoft .NET Core Runtime - 2.0.6 (x86)","16.24.26212","Microsoft Corporation","20230112"
"Microsoft .NET Core Runtime - 2.0.6 (x86)","2.0.6.26212","Microsoft Corporation",
"Microsoft .NET Core Runtime - 3.1.32 (x64)","24.192.31915","Microsoft Corporation","20221213"
"Microsoft .NET Core Runtime - 3.1.32 (x64)","3.1.32.31915","Microsoft Corporation",
"Microsoft .NET Core Runtime - 3.1.32 (x86)","24.192.31915","Microsoft Corporation","20250916"
"Microsoft .NET Core Runtime - 3.1.32 (x86)","3.1.32.31915","Microsoft Corporation",
"Microsoft .NET Framework 4.6.2 Targeting Pack","4.6.01590","Microsoft Corporation","20251007"
"Microsoft .NET Framework 4.6.2 Targeting Pack (ENU)","4.6.01590","Microsoft Corporation","20251007"
"Microsoft .NET Framework 4.7.2 Targeting Pack","4.7.03062","Microsoft Corporation","20231016"
"Microsoft .NET Framework 4.7.2 Targeting Pack (ENU)","4.7.03062","Microsoft Corporation","20231016"
"Microsoft .NET Framework 4.8 SDK","4.8.04084","Microsoft Corporation","20200728"
"Microsoft .NET Framework 4.8 Targeting Pack","4.8.04084","Microsoft Corporation","20200728"
"Microsoft .NET Framework 4.8 Targeting Pack (ENU)","4.8.03761","Microsoft Corporation","20231016"
"Microsoft .NET Framework Cumulative Intellisense Pack for Visual Studio (ENU)","4.8.09037","Microsoft Corporation","20231016"
"Microsoft .NET Host - 6.0.36 (x64)","48.144.23141","Microsoft Corporation","20241112"
"Microsoft .NET Host - 7.0.20 (x64)","56.80.15184","Microsoft Corporation","20240528"
"Microsoft .NET Host - 8.0.22 (x64)","64.88.42551","Microsoft Corporation","20251111"
"Microsoft .NET Host - 8.0.22 (x86)","64.88.42551","Microsoft Corporation","20251111"
"Microsoft .NET Host - 9.0.11 (x64)","72.44.42384","Microsoft Corporation","20251111"
"Microsoft .NET Host - 9.0.11 (x86)","72.44.42384","Microsoft Corporation","20251111"
"Microsoft .NET Host FX Resolver - 6.0.36 (x64)","48.144.23141","Microsoft Corporation","20241112"
"Microsoft .NET Host FX Resolver - 7.0.20 (x64)","56.80.15184","Microsoft Corporation","20240528"
"Microsoft .NET Host FX Resolver - 8.0.22 (x64)","64.88.42551","Microsoft Corporation","20251111"
"Microsoft .NET Host FX Resolver - 8.0.22 (x86)","64.88.42551","Microsoft Corporation","20251111"
"Microsoft .NET Host FX Resolver - 9.0.11 (x64)","72.44.42384","Microsoft Corporation","20251111"
"Microsoft .NET Host FX Resolver - 9.0.11 (x86)","72.44.42384","Microsoft Corporation","20251111"
"Microsoft .NET Runtime - 6.0.36 (x64)","48.144.23141","Microsoft Corporation","20241112"
"Microsoft .NET Runtime - 6.0.36 (x64)","6.0.36.34214","Microsoft Corporation",
"Microsoft .NET Runtime - 7.0.20 (x64)","56.80.15184","Microsoft Corporation","20240528"
"Microsoft .NET Runtime - 8.0.22 (x64)","64.88.42551","Microsoft Corporation","20251111"
"Microsoft .NET Runtime - 8.0.22 (x64)","8.0.22.35427","Microsoft Corporation",
"Microsoft .NET Runtime - 8.0.22 (x86)","64.88.42551","Microsoft Corporation","20251111"
"Microsoft .NET Runtime - 9.0.11 (x64)","72.44.42384","Microsoft Corporation","20251111"
"Microsoft .NET Runtime - 9.0.11 (x86)","72.44.42384","Microsoft Corporation","20251111"
"Microsoft .NET SDK 8.0.416 (x64)","8.4.1625.52802","Microsoft Corporation",
"Microsoft .NET SDK 9.0.112 (x64)","9.1.1225.52112","Microsoft Corporation",
"Microsoft .NET SDK 9.0.307 (x64)","9.3.725.52111","Microsoft Corporation",
"Microsoft .NET SDK 9.0.307 (x64) from Visual Studio","9.3.725.52111","Microsoft Corporation","20251111"
"Microsoft .NET Standard Targeting Pack - 2.1.0 (x64)","24.0.28113","Microsoft Corporation","20231016"
"Microsoft .NET Targeting Pack - 8.0.22 (x64)","64.88.42551","Microsoft Corporation","20251111"
"Microsoft .NET Targeting Pack - 8.0.22 (x86)","64.88.42551","Microsoft Corporation","20251111"
"Microsoft .NET Targeting Pack - 9.0.11 (x64)","72.44.42384","Microsoft Corporation","20251111"
"Microsoft .NET Targeting Pack - 9.0.11 (x86)","72.44.42384","Microsoft Corporation","20251111"
"Microsoft .NET Toolset 8.0.416 (x64)","32.13.62978","Microsoft Corporation","20251111"
"Microsoft .NET Toolset 9.0.112 (x64)","36.11.62288","Microsoft Corporation","20251111"
"Microsoft .NET Toolset 9.0.307 (x64)","36.9.62287","Microsoft Corporation","20251111"
"Microsoft 365 - en-us","16.0.19426.20186","Microsoft Corporation",
"Microsoft Analysis Services OLE DB Provider","16.0.5143.0","Microsoft Corporation","20250222"
"Microsoft Analysis Services OLE DB Provider","16.0.5143.0","Microsoft Corporation","20250222"
"Microsoft ASP.NET Core 2.0.6 Runtime Package Store (x64)","2.0.12620.0","Microsoft Corporation","20230112"
"Microsoft ASP.NET Core 2.0.6 Runtime Package Store (x86)","2.0.12620.0","Microsoft Corporation","20230112"
"Microsoft ASP.NET Core 3.1.32 - Shared Framework (x64)","3.1.32.22566","Microsoft Corporation",
"Microsoft ASP.NET Core 3.1.32 - Shared Framework (x86)","3.1.32.22566","Microsoft Corporation",
"Microsoft ASP.NET Core 3.1.32 Hosting Bundle Options","3.1.32.22566","Microsoft Corporation","20250916"
"Microsoft ASP.NET Core 3.1.32 Shared Framework (x64)","3.1.32.22566","Microsoft Corporation","20250916"
"Microsoft ASP.NET Core 3.1.32 Shared Framework (x86)","3.1.32.22566","Microsoft Corporation","20250916"
"Microsoft ASP.NET Core 8.0.22 - Shared Framework (x86)","8.0.22.25528","Microsoft Corporation",
"Microsoft ASP.NET Core 8.0.22 Shared Framework (x64)","8.0.22.25528","Microsoft Corporation","20251111"
"Microsoft ASP.NET Core 8.0.22 Shared Framework (x86)","8.0.22.25528","Microsoft Corporation","20251111"
"Microsoft ASP.NET Core 8.0.22 Targeting Pack (x64)","8.0.22.25528","Microsoft Corporation","20251111"
"Microsoft ASP.NET Core 8.0.22 Targeting Pack (x86)","8.0.22.25528","Microsoft Corporation","20251111"
"Microsoft ASP.NET Core 9.0.11 Shared Framework (x64)","9.0.11.25520","Microsoft Corporation","20251111"
"Microsoft ASP.NET Core 9.0.11 Shared Framework (x86)","9.0.11.25520","Microsoft Corporation","20251111"
"Microsoft ASP.NET Core 9.0.11 Targeting Pack (x64)","9.0.11.25520","Microsoft Corporation","20251111"
"Microsoft ASP.NET Core 9.0.11 Targeting Pack (x86)","9.0.11.25520","Microsoft Corporation","20251111"
"Microsoft ASP.NET Core Module","1.0.1990","Microsoft Corporation","20230112"
"Microsoft ASP.NET Core Module for IIS Express","12.2.18292.0","Microsoft Corporation","20231016"
"Microsoft ASP.NET Core Module V2","13.1.22321.0","Microsoft Corporation","20250916"
"Microsoft ASP.NET Core Module V2 for IIS Express","18.0.23305.0","Microsoft Corporation","20240218"
"Microsoft ASP.NET Diagnostic Pack for Visual Studio","17.14.128.55757","Microsoft Corporation","20251014"
"Microsoft ASP.NET MVC 2","2.0.60926.0","Microsoft Corporation","20210130"
"Microsoft ASP.NET Web Tools Packages 17.0 - ENU","17.0.50411.0","Microsoft Corporation","20250802"
"Microsoft Bing Service","2.0.0.8","Microsoft Corporation","20230612"
"Microsoft Build of OpenJDK  11.0.28+6 (x64)","11.0.28.6","Microsoft","20250831"
"Microsoft Command Line Utilities 15 for SQL Server","15.0.1300.359","Microsoft Corporation","20231016"
"Microsoft Deployment Toolkit (6.3.8456.1000)","6.3.8456.1000","Microsoft Corporation","20220812"
"Microsoft Edge","143.0.3650.80","Microsoft Corporation","20251213"
"Microsoft Edge WebView2 Runtime","143.0.3650.80","Microsoft Corporation","20251212"
"Microsoft Help Viewer 2.3","2.3.28307","Microsoft Corporation","20250222"
"Microsoft Help Viewer 2.3","2.3.36015","Microsoft Corporation",
"Microsoft Module Browser","1.0.0","Microsoft Corporation","20210318"
"Microsoft NetStandard SDK","15.0.51105","Microsoft Corporation","20240107"
"Microsoft ODBC Driver 17 for SQL Server","17.10.6.1","Microsoft Corporation","20240410"
"Microsoft Office Telemetry Processor (x64)","16.0.14931.20724","Microsoft Corporation","20220930"
"Microsoft OLE DB Driver for SQL Server","18.7.4.0","Microsoft Corporation","20240710"
"Microsoft OneDrive","25.222.1112.0002","Microsoft Corporation",
"Microsoft OneNote - en-us","16.0.19426.20186","Microsoft Corporation",
"Microsoft SQL Server 2008 Setup Support Files ","10.3.5500.0","Microsoft Corporation","20220930"
"Microsoft SQL Server 2012 Native Client ","11.4.7462.6","Microsoft Corporation","20200804"
"Microsoft SQL Server 2014 (64-bit)",,"Microsoft Corporation",
"Microsoft SQL Server 2014 (64-bit)",,,
"Microsoft SQL Server 2014 RsFx Driver","12.3.6179.1","Microsoft Corporation","20231020"
"Microsoft SQL Server 2014 Setup (English)","12.3.6179.1","Microsoft Corporation","20231020"
"Microsoft SQL Server 2014 Transact-SQL ScriptDom ","12.3.6179.1","Microsoft Corporation","20231020"
"Microsoft SQL Server 2019 LocalDB ","15.0.4382.1","Microsoft Corporation","20250106"
"Microsoft SQL Server Management Studio - 20.2.1","20.2.37.0","Microsoft Corporation",
"Microsoft System CLR Types for SQL Server 2019","15.0.2000.5","Microsoft Corporation","20231016"
"Microsoft Teams Meeting Add-in for Microsoft Office","1.23.28501","Microsoft","20231103"
"Microsoft TestPlatform SDK Local Feed","17.10.0.9037153","Microsoft","20240529"
"Microsoft Update Health Tools","5.72.0.0","Microsoft Corporation","20240110"
"Microsoft Visual C++ 2005 Redistributable","8.0.61001","Microsoft Corporation","20210522"
"Microsoft Visual C++ 2008 Redistributable - x64 9.0.30729","9.0.30729","Microsoft Corporation","20220125"
"Microsoft Visual C++ 2008 Redistributable - x64 9.0.30729.4148","9.0.30729.4148","Microsoft Corporation","20210404"
"Microsoft Visual C++ 2008 Redistributable - x64 9.0.30729.6161","9.0.30729.6161","Microsoft Corporation","20210405"
"Microsoft Visual C++ 2008 Redistributable - x86 9.0.30729","9.0.30729","Microsoft Corporation","20220125"
"Microsoft Visual C++ 2008 Redistributable - x86 9.0.30729.4148","9.0.30729.4148","Microsoft Corporation","20210522"
"Microsoft Visual C++ 2008 Redistributable - x86 9.0.30729.6161","9.0.30729.6161","Microsoft Corporation","20200906"
"Microsoft Visual C++ 2010  x64 Redistributable - 10.0.40219","10.0.40219","Microsoft Corporation","20200923"
"Microsoft Visual C++ 2010  x86 Redistributable - 10.0.40219","10.0.40219","Microsoft Corporation","20210130"
"Microsoft Visual C++ 2012 Redistributable (x64) - 11.0.61030","11.0.61030.0","Microsoft Corporation",
"Microsoft Visual C++ 2012 Redistributable (x86) - 11.0.60610","11.0.60610.1","Microsoft Corporation",
"Microsoft Visual C++ 2012 Redistributable (x86) - 11.0.61030","11.0.61030.0","Microsoft Corporation",
"Microsoft Visual C++ 2012 x64 Additional Runtime - 11.0.61030","11.0.61030","Microsoft Corporation","20200923"
"Microsoft Visual C++ 2012 x64 Minimum Runtime - 11.0.61030","11.0.61030","Microsoft Corporation","20200923"
"Microsoft Visual C++ 2012 x86 Additional Runtime - 11.0.61030","11.0.61030","Microsoft Corporation","20200923"
"Microsoft Visual C++ 2012 x86 Minimum Runtime - 11.0.61030","11.0.61030","Microsoft Corporation","20200923"
"Microsoft Visual C++ 2013 Redistributable (x64) - 12.0.30501","12.0.30501.0","Microsoft Corporation",
"Microsoft Visual C++ 2013 Redistributable (x64) - 12.0.30501","12.0.30501.0","Microsoft Corporation",
"Microsoft Visual C++ 2013 Redistributable (x64) - 12.0.40664","12.0.40664.0","Microsoft Corporation",
"Microsoft Visual C++ 2013 Redistributable (x86) - 12.0.30501","12.0.30501.0","Microsoft Corporation",
"Microsoft Visual C++ 2013 Redistributable (x86) - 12.0.40660","12.0.40660.0","Microsoft Corporation",
"Microsoft Visual C++ 2013 Redistributable (x86) - 12.0.40664","12.0.40664.0","Microsoft Corporation",
"Microsoft Visual C++ 2013 x64 Additional Runtime - 12.0.40664","12.0.40664","Microsoft Corporation","20210519"
"Microsoft Visual C++ 2013 x64 Minimum Runtime - 12.0.40664","12.0.40664","Microsoft Corporation","20210519"
"Microsoft Visual C++ 2013 x86 Additional Runtime - 12.0.40664","12.0.40664","Microsoft Corporation","20210519"
"Microsoft Visual C++ 2013 x86 Minimum Runtime - 12.0.40664","12.0.40664","Microsoft Corporation","20210519"
"Microsoft Visual C++ 2015-2022 Redistributable (x64) - 14.44.35211","14.44.35211.0","Microsoft Corporation",
"Microsoft Visual C++ 2015-2022 Redistributable (x86) - 14.44.35211","14.44.35211.0","Microsoft Corporation",
"Microsoft Visual C++ 2022 X64 Additional Runtime - 14.44.35211","14.44.35211","Microsoft Corporation","20250802"
"Microsoft Visual C++ 2022 X64 Debug Runtime - 14.44.35211","14.44.35211","Microsoft Corporation","20250802"
"Microsoft Visual C++ 2022 X64 Minimum Runtime - 14.44.35211","14.44.35211","Microsoft Corporation","20250802"
"Microsoft Visual C++ 2022 X86 Additional Runtime - 14.44.35211","14.44.35211","Microsoft Corporation","20250802"
"Microsoft Visual C++ 2022 X86 Debug Runtime - 14.44.35211","14.44.35211","Microsoft Corporation","20250802"
"Microsoft Visual C++ 2022 X86 Minimum Runtime - 14.44.35211","14.44.35211","Microsoft Corporation","20250802"
"Microsoft Visual Studio Installer","4.0.2167.44905","Microsoft Corporation","20201106"
"Microsoft Visual Studio Setup Configuration","3.12.2140.44225","Microsoft Corporation","20250106"
"Microsoft Visual Studio Setup WMI Provider","3.12.2140.44225","Microsoft Corporation","20250106"
"Microsoft Visual Studio Tools for Applications 2019","16.0.31110","Microsoft Corporation",
"Microsoft Visual Studio Tools for Applications 2019 x64 Hosting Support","16.0.31110","Microsoft Corporation","20250222"
"Microsoft Visual Studio Tools for Applications 2019 x86 Hosting Support","16.0.31110","Microsoft Corporation","20250222"
"Microsoft VSS Writer for SQL Server 2014","12.3.6024.0","Microsoft Corporation","20231020"
"Microsoft Web Deploy 4.0","10.0.9419","Microsoft Corporation","20250802"
"Microsoft Windows Desktop Runtime - 6.0.36 (x64)","48.144.23186","Microsoft Corporation","20241112"
"Microsoft Windows Desktop Runtime - 6.0.36 (x64)","6.0.36.34217","Microsoft Corporation",
"Microsoft Windows Desktop Runtime - 7.0.20 (x64)","56.80.15245","Microsoft Corporation","20240528"
"Microsoft Windows Desktop Runtime - 7.0.20 (x64)","7.0.20.33720","Microsoft Corporation",
"Microsoft Windows Desktop Runtime - 8.0.22 (x64)","64.88.42561","Microsoft Corporation","20251111"
"Microsoft Windows Desktop Runtime - 8.0.22 (x86)","64.88.42561","Microsoft Corporation","20251111"
"Microsoft Windows Desktop Runtime - 8.0.22 (x86)","8.0.22.35428","Microsoft Corporation",
"Microsoft Windows Desktop Runtime - 9.0.11 (x64)","72.44.42433","Microsoft Corporation","20251111"
"Microsoft Windows Desktop Runtime - 9.0.11 (x86)","72.44.42433","Microsoft Corporation","20251111"
"Microsoft Windows Desktop Targeting Pack - 8.0.22 (x64)","64.88.42561","Microsoft Corporation","20251111"
"Microsoft Windows Desktop Targeting Pack - 8.0.22 (x86)","64.88.42561","Microsoft Corporation","20251111"
"Microsoft Windows Desktop Targeting Pack - 9.0.11 (x64)","72.44.42433","Microsoft Corporation","20251111"
"Microsoft Windows Desktop Targeting Pack - 9.0.11 (x86)","72.44.42433","Microsoft Corporation","20251111"
"Microsoft.Android.Ref.35 (x64)","35.0.105.0","Microsoft Corporation","20251101"
"Microsoft.Android.Ref.35 (x64)","35.0.78.0","Microsoft Corporation","20250802"
"Microsoft.Android.Runtime.35.android-arm (x64)","35.0.105.0","Microsoft Corporation","20251101"
"Microsoft.Android.Runtime.35.android-arm (x64)","35.0.78.0","Microsoft Corporation","20250802"
"Microsoft.Android.Runtime.35.android-arm64 (x64)","35.0.105.0","Microsoft Corporation","20251101"
"Microsoft.Android.Runtime.35.android-arm64 (x64)","35.0.78.0","Microsoft Corporation","20250802"
"Microsoft.Android.Runtime.35.android-x64 (x64)","35.0.105.0","Microsoft Corporation","20251101"
"Microsoft.Android.Runtime.35.android-x64 (x64)","35.0.78.0","Microsoft Corporation","20250802"
"Microsoft.Android.Runtime.35.android-x86 (x64)","35.0.105.0","Microsoft Corporation","20251101"
"Microsoft.Android.Runtime.35.android-x86 (x64)","35.0.78.0","Microsoft Corporation","20250802"
"Microsoft.Android.Sdk.Windows (x64)","34.0.154.0","Microsoft Corporation","20250802"
"Microsoft.Android.Sdk.Windows (x64)","35.0.105.0","Microsoft Corporation","20251101"
"Microsoft.Android.Sdk.Windows (x64)","35.0.78.0","Microsoft Corporation","20250802"
"Microsoft.AspNetCore.Components.WebView.Maui (x64)","9.0.111.0","Microsoft Corporation","20251014"
"Microsoft.iOS.Ref.net9.0_26.0 (x64)","26.0.9752.0","Microsoft Corporation","20251014"
"Microsoft.iOS.Runtime.ios-arm64.net9.0_26.0 (x64)","26.0.9752.0","Microsoft Corporation","20251014"
"Microsoft.iOS.Runtime.iossimulator-arm64.net9.0_26.0 (x64)","26.0.9752.0","Microsoft Corporation","20251014"
"Microsoft.iOS.Runtime.iossimulator-x64.net9.0_26.0 (x64)","26.0.9752.0","Microsoft Corporation","20251014"
"Microsoft.iOS.Sdk.net9.0_18.0 (x64)","18.0.9617.0","Microsoft Corporation","20251007"
"Microsoft.iOS.Sdk.net9.0_26.0 (x64)","26.0.9752.0","Microsoft Corporation","20251014"
"Microsoft.iOS.Templates (x64)","26.0.9752.0","Microsoft Corporation","20251014"
"Microsoft.iOS.Windows.Sdk.net9.0_18.0 (x64)","18.0.9617.0","Microsoft Corporation","20251007"
"Microsoft.iOS.Windows.Sdk.net9.0_26.0 (x64)","26.0.9752.0","Microsoft Corporation","20251014"
"Microsoft.MacCatalyst.Ref.net9.0_26.0 (x64)","26.0.9752.0","Microsoft Corporation","20251014"
"Microsoft.MacCatalyst.Runtime.maccatalyst-arm64.net9.0_26.0 (x64)","26.0.9752.0","Microsoft Corporation","20251014"
"Microsoft.MacCatalyst.Runtime.maccatalyst-x64.net9.0_26.0 (x64)","26.0.9752.0","Microsoft Corporation","20251014"
"Microsoft.MacCatalyst.Sdk.net9.0_18.0 (x64)","18.0.9617.0","Microsoft Corporation","20251007"
"Microsoft.MacCatalyst.Sdk.net9.0_26.0 (x64)","26.0.9752.0","Microsoft Corporation","20251014"
"Microsoft.MacCatalyst.Templates (x64)","26.0.9752.0","Microsoft Corporation","20251014"
"Microsoft.Maui.Controls (x64)","9.0.111.0","Microsoft Corporation","20251014"
"Microsoft.Maui.Controls.Build.Tasks (x64)","9.0.111.0","Microsoft Corporation","20251014"
"Microsoft.Maui.Controls.Compatibility (x64)","9.0.111.0","Microsoft Corporation","20251014"
"Microsoft.Maui.Controls.Core (x64)","9.0.111.0","Microsoft Corporation","20251014"
"Microsoft.Maui.Controls.Xaml (x64)","9.0.111.0","Microsoft Corporation","20251014"
"Microsoft.Maui.Core (x64)","9.0.111.0","Microsoft Corporation","20251014"
"Microsoft.Maui.Essentials (x64)","9.0.111.0","Microsoft Corporation","20251014"
"Microsoft.Maui.Graphics (x64)","9.0.111.0","Microsoft Corporation","20251014"
"Microsoft.Maui.Graphics.Win2D.WinUI.Desktop (x64)","9.0.111.0","Microsoft Corporation","20251014"
"Microsoft.Maui.Resizetizer (x64)","9.0.111.0","Microsoft Corporation","20251014"
"Microsoft.NET.Runtime.MonoAOTCompiler.Task (x64)","8.0.21.0","Microsoft Corporation","20251014"
"Microsoft.NET.Runtime.MonoAOTCompiler.Task (x64)","8.0.22.0","Microsoft Corporation","20251111"
"Microsoft.NET.Runtime.MonoAOTCompiler.Task (x64)","9.0.10.0","Microsoft Corporation","20251014"
"Microsoft.NET.Runtime.MonoAOTCompiler.Task (x64)","9.0.11.0","Microsoft Corporation","20251111"
"Microsoft.NET.Runtime.MonoAOTCompiler.Task (x64)","9.0.11.0","Microsoft Corporation","20251113"
"Microsoft.NET.Runtime.MonoTargets.Sdk (x64)","8.0.21.0","Microsoft Corporation","20251014"
"Microsoft.NET.Runtime.MonoTargets.Sdk (x64)","8.0.22.0","Microsoft Corporation","20251111"
"Microsoft.NET.Runtime.MonoTargets.Sdk (x64)","9.0.10.0","Microsoft Corporation","20251014"
"Microsoft.NET.Runtime.MonoTargets.Sdk (x64)","9.0.11.0","Microsoft Corporation","20251111"
"Microsoft.NET.Runtime.MonoTargets.Sdk (x64)","9.0.11.0","Microsoft Corporation","20251113"
"Microsoft.NET.Sdk.Android.Manifest-8.0.100 (x64)","34.0.43","Microsoft Corporation","20250101"
"Microsoft.NET.Sdk.Android.Manifest-9.0.100 (x64)","35.0.105","Microsoft Corporation","20251101"
"Microsoft.NET.Sdk.Android.Manifest-9.0.100 (x64)","35.0.7","Microsoft Corporation","20250106"
"Microsoft.NET.Sdk.Android.Manifest-9.0.100 (x64)","35.0.78","Microsoft Corporation","20250802"
"Microsoft.NET.Sdk.Aspire.Manifest-8.0.100 (x64)","64.0.5426","Microsoft Corporation","20250101"
"Microsoft.NET.Sdk.Aspire.Manifest-8.0.100 (x64)","64.136.23253","Microsoft Corporation","20250101"
"Microsoft.NET.Sdk.iOS.Manifest-8.0.100 (x64)","17.0.8478","Microsoft Corporation","20250101"
"Microsoft.NET.Sdk.iOS.Manifest-9.0.100 (x64)","18.0.9617","Microsoft Corporation","20250115"
"Microsoft.NET.Sdk.iOS.Manifest-9.0.100 (x64)","26.0.9752","Microsoft Corporation","20251014"
"Microsoft.NET.Sdk.MacCatalyst.Manifest-8.0.100 (x64)","17.0.8478","Microsoft Corporation","20250101"
"Microsoft.NET.Sdk.MacCatalyst.Manifest-9.0.100 (x64)","18.0.9617","Microsoft Corporation","20250115"
"Microsoft.NET.Sdk.MacCatalyst.Manifest-9.0.100 (x64)","26.0.9752","Microsoft Corporation","20251014"
"Microsoft.NET.Sdk.macOS.Manifest-8.0.100 (x64)","14.0.8478","Microsoft Corporation","20250101"
"Microsoft.NET.Sdk.macOS.Manifest-9.0.100 (x64)","15.0.9617","Microsoft Corporation","20250115"
"Microsoft.NET.Sdk.macOS.Manifest-9.0.100 (x64)","26.0.9752","Microsoft Corporation","20251014"
"Microsoft.NET.Sdk.Maui.Manifest-8.0.100 (x64)","8.0.3","Microsoft Corporation","20250101"
"Microsoft.NET.Sdk.Maui.Manifest-9.0.100 (x64)","9.0.0","Microsoft Corporation","20250106"
"Microsoft.NET.Sdk.Maui.Manifest-9.0.100 (x64)","9.0.111","Microsoft Corporation","20251014"
"Microsoft.NET.Sdk.tvOS.Manifest-8.0.100 (x64)","17.0.8478","Microsoft Corporation","20250101"
"Microsoft.NET.Sdk.tvOS.Manifest-9.0.100 (x64)","18.0.9617","Microsoft Corporation","20250115"
"Microsoft.NET.Sdk.tvOS.Manifest-9.0.100 (x64)","26.0.9752","Microsoft Corporation","20251014"
"Microsoft.NET.Workload.Emscripten.Current.Manifest (x64)","64.88.42371","Microsoft Corporation","20251111"
"Microsoft.NET.Workload.Emscripten.Current.Manifest (x64)","72.52.42372","Microsoft Corporation","20251111"
"Microsoft.NET.Workload.Emscripten.net6.Manifest (x64)","64.88.42371","Microsoft Corporation","20251111"
"Microsoft.NET.Workload.Emscripten.net6.Manifest (x64)","72.52.42372","Microsoft Corporation","20251111"
"Microsoft.NET.Workload.Emscripten.net7.Manifest (x64)","64.88.42371","Microsoft Corporation","20251111"
"Microsoft.NET.Workload.Emscripten.net7.Manifest (x64)","72.52.42372","Microsoft Corporation","20251111"
"Microsoft.NET.Workload.Emscripten.net8.Manifest (x64)","72.52.42372","Microsoft Corporation","20251111"
"Microsoft.NET.Workload.Mono.Toolchain.Current.Manifest (x64)","64.88.42551","Microsoft Corporation","20251111"
"Microsoft.NET.Workload.Mono.Toolchain.Current.Manifest (x64)","72.0.42384","Microsoft Corporation","20251111"
"Microsoft.NET.Workload.Mono.Toolchain.net6.Manifest (x64)","64.88.42551","Microsoft Corporation","20251111"
"Microsoft.NET.Workload.Mono.Toolchain.net6.Manifest (x64)","72.0.42384","Microsoft Corporation","20251111"
"Microsoft.NET.Workload.Mono.Toolchain.net7.Manifest (x64)","64.88.42551","Microsoft Corporation","20251111"
"Microsoft.NET.Workload.Mono.Toolchain.net7.Manifest (x64)","72.0.42384","Microsoft Corporation","20251111"
"Microsoft.NET.Workload.Mono.Toolchain.net8.Manifest (x64)","72.0.42384","Microsoft Corporation","20251111"
"Microsoft.NETCore.App.Runtime.AOT.win-x64.Cross.android-arm (x64)","8.0.21.0","Microsoft Corporation","20251014"
"Microsoft.NETCore.App.Runtime.AOT.win-x64.Cross.android-arm (x64)","8.0.22.0","Microsoft Corporation","20251111"
"Microsoft.NETCore.App.Runtime.AOT.win-x64.Cross.android-arm (x64)","9.0.10.0","Microsoft Corporation","20251014"
"Microsoft.NETCore.App.Runtime.AOT.win-x64.Cross.android-arm (x64)","9.0.11.0","Microsoft Corporation","20251113"
"Microsoft.NETCore.App.Runtime.AOT.win-x64.Cross.android-arm (x64)","9.0.11.0","Microsoft Corporation","20251111"
"Microsoft.NETCore.App.Runtime.AOT.win-x64.Cross.android-arm64 (x64)","8.0.21.0","Microsoft Corporation","20251014"
"Microsoft.NETCore.App.Runtime.AOT.win-x64.Cross.android-arm64 (x64)","8.0.22.0","Microsoft Corporation","20251111"
"Microsoft.NETCore.App.Runtime.AOT.win-x64.Cross.android-arm64 (x64)","9.0.10.0","Microsoft Corporation","20251014"
"Microsoft.NETCore.App.Runtime.AOT.win-x64.Cross.android-arm64 (x64)","9.0.11.0","Microsoft Corporation","20251111"
"Microsoft.NETCore.App.Runtime.AOT.win-x64.Cross.android-arm64 (x64)","9.0.11.0","Microsoft Corporation","20251113"
"Microsoft.NETCore.App.Runtime.AOT.win-x64.Cross.android-x64 (x64)","8.0.21.0","Microsoft Corporation","20251014"
"Microsoft.NETCore.App.Runtime.AOT.win-x64.Cross.android-x64 (x64)","8.0.22.0","Microsoft Corporation","20251111"
"Microsoft.NETCore.App.Runtime.AOT.win-x64.Cross.android-x64 (x64)","9.0.10.0","Microsoft Corporation","20251014"
"Microsoft.NETCore.App.Runtime.AOT.win-x64.Cross.android-x64 (x64)","9.0.11.0","Microsoft Corporation","20251113"
"Microsoft.NETCore.App.Runtime.AOT.win-x64.Cross.android-x64 (x64)","9.0.11.0","Microsoft Corporation","20251111"
"Microsoft.NETCore.App.Runtime.AOT.win-x64.Cross.android-x86 (x64)","8.0.21.0","Microsoft Corporation","20251014"
"Microsoft.NETCore.App.Runtime.AOT.win-x64.Cross.android-x86 (x64)","8.0.22.0","Microsoft Corporation","20251111"
"Microsoft.NETCore.App.Runtime.AOT.win-x64.Cross.android-x86 (x64)","9.0.10.0","Microsoft Corporation","20251014"
"Microsoft.NETCore.App.Runtime.AOT.win-x64.Cross.android-x86 (x64)","9.0.11.0","Microsoft Corporation","20251111"
"Microsoft.NETCore.App.Runtime.AOT.win-x64.Cross.android-x86 (x64)","9.0.11.0","Microsoft Corporation","20251113"
"Microsoft.NETCore.App.Runtime.Mono.android-arm (x64)","8.0.21.0","Microsoft Corporation","20251014"
"Microsoft.NETCore.App.Runtime.Mono.android-arm (x64)","8.0.22.0","Microsoft Corporation","20251111"
"Microsoft.NETCore.App.Runtime.Mono.android-arm (x64)","9.0.10.0","Microsoft Corporation","20251014"
"Microsoft.NETCore.App.Runtime.Mono.android-arm (x64)","9.0.11.0","Microsoft Corporation","20251113"
"Microsoft.NETCore.App.Runtime.Mono.android-arm (x64)","9.0.11.0","Microsoft Corporation","20251111"
"Microsoft.NETCore.App.Runtime.Mono.android-arm64 (x64)","8.0.21.0","Microsoft Corporation","20251014"
"Microsoft.NETCore.App.Runtime.Mono.android-arm64 (x64)","8.0.22.0","Microsoft Corporation","20251111"
"Microsoft.NETCore.App.Runtime.Mono.android-arm64 (x64)","9.0.10.0","Microsoft Corporation","20251014"
"Microsoft.NETCore.App.Runtime.Mono.android-arm64 (x64)","9.0.11.0","Microsoft Corporation","20251111"
"Microsoft.NETCore.App.Runtime.Mono.android-arm64 (x64)","9.0.11.0","Microsoft Corporation","20251113"
"Microsoft.NETCore.App.Runtime.Mono.android-x64 (x64)","8.0.21.0","Microsoft Corporation","20251014"
"Microsoft.NETCore.App.Runtime.Mono.android-x64 (x64)","8.0.22.0","Microsoft Corporation","20251111"
"Microsoft.NETCore.App.Runtime.Mono.android-x64 (x64)","9.0.10.0","Microsoft Corporation","20251014"
"Microsoft.NETCore.App.Runtime.Mono.android-x64 (x64)","9.0.11.0","Microsoft Corporation","20251111"
"Microsoft.NETCore.App.Runtime.Mono.android-x64 (x64)","9.0.11.0","Microsoft Corporation","20251113"
"Microsoft.NETCore.App.Runtime.Mono.android-x86 (x64)","8.0.21.0","Microsoft Corporation","20251014"
"Microsoft.NETCore.App.Runtime.Mono.android-x86 (x64)","8.0.22.0","Microsoft Corporation","20251111"
"Microsoft.NETCore.App.Runtime.Mono.android-x86 (x64)","9.0.10.0","Microsoft Corporation","20251014"
"Microsoft.NETCore.App.Runtime.Mono.android-x86 (x64)","9.0.11.0","Microsoft Corporation","20251111"
"Microsoft.NETCore.App.Runtime.Mono.android-x86 (x64)","9.0.11.0","Microsoft Corporation","20251113"
"Microsoft.NETCore.App.Runtime.Mono.ios-arm64 (x64)","9.0.10.0","Microsoft Corporation","20251014"
"Microsoft.NETCore.App.Runtime.Mono.ios-arm64 (x64)","9.0.11.0","Microsoft Corporation","20251111"
"Microsoft.NETCore.App.Runtime.Mono.ios-arm64 (x64)","9.0.11.0","Microsoft Corporation","20251113"
"Microsoft.NETCore.App.Runtime.Mono.iossimulator-arm64 (x64)","9.0.10.0","Microsoft Corporation","20251014"
"Microsoft.NETCore.App.Runtime.Mono.iossimulator-arm64 (x64)","9.0.11.0","Microsoft Corporation","20251113"
"Microsoft.NETCore.App.Runtime.Mono.iossimulator-arm64 (x64)","9.0.11.0","Microsoft Corporation","20251111"
"Microsoft.NETCore.App.Runtime.Mono.iossimulator-x64 (x64)","9.0.10.0","Microsoft Corporation","20251014"
"Microsoft.NETCore.App.Runtime.Mono.iossimulator-x64 (x64)","9.0.11.0","Microsoft Corporation","20251111"
"Microsoft.NETCore.App.Runtime.Mono.iossimulator-x64 (x64)","9.0.11.0","Microsoft Corporation","20251113"
"Microsoft.NETCore.App.Runtime.Mono.maccatalyst-arm64 (x64)","9.0.10.0","Microsoft Corporation","20251014"
"Microsoft.NETCore.App.Runtime.Mono.maccatalyst-arm64 (x64)","9.0.11.0","Microsoft Corporation","20251113"
"Microsoft.NETCore.App.Runtime.Mono.maccatalyst-arm64 (x64)","9.0.11.0","Microsoft Corporation","20251111"
"Microsoft.NETCore.App.Runtime.Mono.maccatalyst-x64 (x64)","9.0.10.0","Microsoft Corporation","20251014"
"Microsoft.NETCore.App.Runtime.Mono.maccatalyst-x64 (x64)","9.0.11.0","Microsoft Corporation","20251111"
"Microsoft.NETCore.App.Runtime.Mono.maccatalyst-x64 (x64)","9.0.11.0","Microsoft Corporation","20251113"
"MongoDB 8.2.0 2008R2Plus SSL (64 bit)","8.2.0","MongoDB Inc.","20250921"
"MSI Development Tools","10.1.26100.6901","Microsoft Corporation","20251111"
"MSI Kombustor 4.1.33.0 (64-bit)",,"MSI / Geeks3D","20250921"
"NewBlue Effects for Filmora","7.8.220120","NewBlue",
"Nmap 7.93","7.93","Nmap Project",
"Node.js","22.20.0","Node.js Foundation","20251007"
"Notepad++ (64-bit x64)","8.8.5","Notepad++ Team",
"notepadplusplus","8.8.5","Chocolatey",
"notepadplusplus.install","8.8.5","Chocolatey",
"Npcap","1.78","Nmap Project",
"Npgsql 3.2.6","3.2.6-3","EnterpriseDB","20240311"
"NPP Development","11.2","NVIDIA Corporation","20201226"
"NPP Runtime","11.2","NVIDIA Corporation","20201226"
"nvcc","11.2","NVIDIA Corporation","20201226"
"NvCpl","1.0","NVIDIA Corporation","20251129"
"NVIDIA AIUser Container","1.44","NVIDIA Corporation","20251129"
"NVIDIA App 11.0.5.420","11.0.5.420","NVIDIA Corporation","20251129"
"NVIDIA Backend","11.0.5.420","NVIDIA Corporation","20251129"
"NVIDIA Container","1.44","NVIDIA Corporation","20251129"
"NVIDIA CUDA Development 11.2","11.2","NVIDIA Corporation","20201226"
"NVIDIA CUDA Documentation 11.2","11.2","NVIDIA Corporation","20201226"
"NVIDIA CUDA Nsight NVTX 11.2","11.2","NVIDIA Corporation","20201226"
"NVIDIA CUDA Runtime 11.2","11.2","NVIDIA Corporation","20201226"
"NVIDIA CUDA Samples 11.2","11.2","NVIDIA Corporation","20201226"
"NVIDIA CUDA Visual Studio Integration 11.2","11.2","NVIDIA Corporation","20201226"
"NVIDIA FrameView 1.6.10929.35462032","1.6.10929.35462032","NVIDIA Corporation","20250517"
"NVIDIA FrameView SDK 1.5.11504.36206172","1.5.11504.36206172","NVIDIA Corporation","20251129"
"NVIDIA Graphics Driver 581.57","581.57","NVIDIA Corporation","20251019"
"NVIDIA HD Audio Driver 1.4.5.0","1.4.5.0","NVIDIA Corporation","20251019"
"NVIDIA Install Application","2.1002.438.0","NVIDIA Corporation","20251129"
"NVIDIA LocalSystem Container","1.44","NVIDIA Corporation","20251129"
"NVIDIA MessageBus 3 for NvApp","3.16","NVIDIA Corporation","20251129"
"NVIDIA Nsight Compute 2020.3.0","20.3.0.0","NVIDIA Corporation","20201226"
"NVIDIA Nsight Systems 2020.4.3","20.4.3.7","NVIDIA Corporation","20201226"
"NVIDIA Nsight Visual Studio Edition 2020.3.0.20315","20.3.0.20315","NVIDIA Corporation","20201226"
"NVIDIA NvDLISR","1.0","NVIDIA Corporation","20251129"
"NVIDIA PhysX System Software 9.23.1019","9.23.1019","NVIDIA Corporation","20240523"
"NVIDIA Session Container","1.44","NVIDIA Corporation","20251129"
"NVIDIA ShadowPlay 11.0.5.400","11.0.5.400","NVIDIA Corporation","20251129"
"Nvidia Share","10.0.2.210","NVIDIA Corporation","20240928"
"NVIDIA Telemetry Client","19.4.29.0","NVIDIA Corporation","20251129"
"NVIDIA Tools Extension SDK (NVTX) - 64 bit","1.00.00.00","NVIDIA Corporation","20201226"
"NVIDIA USBC Driver 1.52.831.832","1.52.831.832","NVIDIA Corporation","20251019"
"NVIDIA User Container","1.44","NVIDIA Corporation","20251129"
"NVIDIA Virtual Audio 4.65.0.3","4.65.0.3","NVIDIA Corporation","20251129"
"NVIDIA Watchdog Plugin for NvContainer","1.44","NVIDIA Corporation","20251129"
"NVJPEG Development","11.2","NVIDIA Corporation","20201226"
"NVJPEG Runtime","11.2","NVIDIA Corporation","20201226"
"NVML Development","11.2","NVIDIA Corporation","20201226"
"nvprune","11.2","NVIDIA Corporation","20201226"
"NVRTC Development","11.2","NVIDIA Corporation","20201226"
"NVRTC Runtime","11.2","NVIDIA Corporation","20201226"
"NVTX Development","11.2","NVIDIA Corporation","20201226"
"OA3Tool","10.1.26100.2454","Microsoft","20250916"
"OACheck","10.1.26100.2454","Microsoft","20250916"
"OATool","10.1.26100.2454","Microsoft","20250916"
"OBS Studio","31.1.2","OBS Project",
"Occupancy Calculator","11.2","NVIDIA Corporation","20201226"
"OEM Test Certificates (OnecoreUAP)","10.1.26100.2454","Microsoft","20250916"
"Office 16 Click-to-Run Extensibility Component","16.0.19426.20170","Microsoft Corporation","20251205"
"OldMHUUninstaller","3.2.0.0","Plantronics, Inc.",
"OldMHUUninstaller","3.2.0.0","Plantronics, Inc.",
"OldMHUUninstaller","3.2.0.0","Plantronics, Inc.",
"OldMHUUninstaller","3.2.0.0","Plantronics, Inc.",
"OldMHUUninstaller","3.2.0.0","Plantronics, Inc.",
"OldMHUUninstaller","3.2.0.0","Plantronics, Inc.",
"OldMHUUninstaller","3.2.0.0","Plantronics, Inc.",
"OldMHUUninstaller","3.2.0.0","Plantronics, Inc.",
"OldMHUUninstaller","3.2.0.0","Plantronics, Inc.",
"OldMHUUninstaller","3.2.0.0","Plantronics, Inc.",
"OldMHUUninstaller","3.2.0.0","Plantronics, Inc.",
"OldMHUUninstaller","3.2.0.0","Plantronics, Inc.",
"OldMHUUninstaller","3.2.0.0","Plantronics, Inc.",
"OldMHUUninstaller","3.2.0.0","Plantronics, Inc.",
"OldMHUUninstaller","3.2.0.0","Plantronics, Inc.",
"OldMHUUninstallerMSI","3.2.0.0","Plantronics, Inc.","20201226"
"OldMHUUninstallerMSI","3.2.0.0","Plantronics, Inc.","20240509"
"OldMHUUninstallerMSI","3.2.0.0","Plantronics, Inc.","20210731"
"OldMHUUninstallerMSI","3.2.0.0","Plantronics, Inc.","20211218"
"OldMHUUninstallerMSI","3.2.0.0","Plantronics, Inc.","20221219"
"OldMHUUninstallerMSI","3.2.0.0","Plantronics, Inc.","20210925"
"OldMHUUninstallerMSI","3.2.0.0","Plantronics, Inc.","20200719"
"OldMHUUninstallerMSI","3.2.0.0","Plantronics, Inc.","20210211"
"OldMHUUninstallerMSI","3.2.0.0","Plantronics, Inc.","20231001"
"OldMHUUninstallerMSI","3.2.0.0","Plantronics, Inc.","20220502"
"OldMHUUninstallerMSI","3.2.0.0","Plantronics, Inc.","20220121"
"OldMHUUninstallerMSI","3.2.0.0","Plantronics, Inc.","20210706"
"OldMHUUninstallerMSI","3.2.0.0","Plantronics, Inc.","20200629"
"OldMHUUninstallerMSI","3.2.0.0","Plantronics, Inc.","20210902"
"OldMHUUninstallerMSI","3.2.0.0","Plantronics, Inc.","20201021"
"OptaneDowngradeGuard","18.0.0.0","Intel Corporation","20230328"
"Oscdimg (DesktopEditions)","10.1.26100.2454","Microsoft","20250916"
"Oscdimg (OnecoreUAP)","10.1.26100.2454","Microsoft","20250916"
"pandoc","3.8.2.1","Chocolatey",
"Pandoc 3.8.2.1","3.8.2.1","John MacFarlane","20251027"
"Patriot Viper DRAM RGB","1.0.9.8","Patriot Memory",
"Patriot Viper DRAM RGB","1.0.9.8","Patriot Memory","20241108"
"Patriot Viper M2 SSD RGB","1.1.0.3","Patriot Memory",
"Patriot Viper M2 SSD RGB","1.1.0.3","Patriot Memory","20230714"
"PEM-HTTPD 2.4.65","2.4.65-1","EnterpriseDB","20251124"
"pgAgent_PG16 4.2.2","4.2.2","EnterpriseDB","20240311"
"PHISON HAL","1.0.9.0","PHISON Electronics Corp.","20211002"
"PHISON HAL","1.0.9.0","PHISON Electronics Corp.",
"Plantronics Hub Software","3.25.54307.37251","Plantronics, Inc.","20240509"
"Plantronics Hub Software","3.25.54307.37251","Plantronics, Inc.",
"pode","2.12.1","Chocolatey",
"PostgreSQL 18 ","18.1-1","PostgreSQL Global Development Group","20251124"
"PowerShell 7-x64","7.5.4.0","Microsoft Corporation","20251024"
"PowerShell 7.5.3.0-x64","7.5.3.0","Microsoft Corporation",
"PuTTY release 0.83 (64-bit)","0.83.0.0","Simon Tatham","20250831"
"python","3.13.7","Chocolatey",
"Python 3.11.9 Core Interpreter (64-bit)","3.11.9150.0","Python Software Foundation","20250916"
"Python 3.11.9 Development Libraries (64-bit)","3.11.9150.0","Python Software Foundation","20250916"
"Python 3.11.9 Documentation (64-bit)","3.11.9150.0","Python Software Foundation","20250916"
"Python 3.11.9 Executables (64-bit)","3.11.9150.0","Python Software Foundation","20250916"
"Python 3.11.9 pip Bootstrap (64-bit)","3.11.9150.0","Python Software Foundation","20250916"
"Python 3.11.9 Standard Library (64-bit)","3.11.9150.0","Python Software Foundation","20250916"
"Python 3.11.9 Tcl/Tk Support (64-bit)","3.11.9150.0","Python Software Foundation","20250916"
"Python 3.11.9 Test Suite (64-bit)","3.11.9150.0","Python Software Foundation","20250916"
"Python 3.11.9 Utility Scripts (64-bit)","3.11.9150.0","Python Software Foundation","20250916"
"Python 3.12.10 Add to Path (64-bit)","3.12.10150.0","Python Software Foundation","20251101"
"Python 3.12.10 Core Interpreter (64-bit)","3.12.10150.0","Python Software Foundation","20251101"
"Python 3.12.10 Development Libraries (64-bit)","3.12.10150.0","Python Software Foundation","20251101"
"Python 3.12.10 Documentation (64-bit)","3.12.10150.0","Python Software Foundation","20251101"
"Python 3.12.10 Executables (64-bit)","3.12.10150.0","Python Software Foundation","20251101"
"Python 3.12.10 pip Bootstrap (64-bit)","3.12.10150.0","Python Software Foundation","20251101"
"Python 3.12.10 Standard Library (64-bit)","3.12.10150.0","Python Software Foundation","20251101"
"Python 3.12.10 Tcl/Tk Support (64-bit)","3.12.10150.0","Python Software Foundation","20251101"
"Python 3.12.10 Test Suite (64-bit)","3.12.10150.0","Python Software Foundation","20251101"
"Python Launcher","3.13.7150.0","Python Software Foundation","20250831"
"python3","3.13.7","Chocolatey",
"python313","3.13.7","Chocolatey",
"Q-SYS Designer 9.4","9.4.4","QSC, LLC","20230329"
"Q-SYS Designer 9.4","9.4.4","QSC, LLC",
"Quicken","27.1.64.35","Quicken","20201231"
"Raspberry Pi Imager","1.9.6","Raspberry Pi Ltd","20250916"
"Raspberry Pi Pico SDK v1.5.1","1.5.1","Raspberry Pi Ltd",
"Realtek Ethernet Controller Driver","11.11.1206.2022","Realtek","20230121"
"REAPER (x64)","7.46","Cockos Incorporated",
"Remoted iOS Simulator for Visual Studio","17.14.0.584","Microsoft Corporation","20251007"
"ROG FAN XPERT 4","1.00.10","ASUSTek Computer Inc.",
"ROG Live Service","2.4.26.0","ASUSTek COMPUTER INC.","20241227"
"ROGFontInstaller","1.0.0","ASUS","20230225"
"RootsMagic 11.0.2.0","RootsMagic 11.0.2.0 (32-bit)","RootsMagic, Inc.","20251004"
"RstDowngradeGuard","18.0.0.0","Intel Corporation","20230328"
"Samsung DeX","2.4.1.22","Samsung Electronics Co., Ltd.",
"Samsung DeX","2.4.1.22","Samsung Electronics Co., Ltd.","20250915"
"Samsung USB Driver for Mobile Phones","1.7.56.0","Samsung Electronics Co., Ltd.",
"SDK ARM64 Additions","10.1.26100.6901","Microsoft Corporation","20251111"
"SDK ARM64 Redistributables","10.1.26100.6901","Microsoft Corporation","20251111"
"Service Pack 3 for SQL Server 2014 (KB4022619) (64-bit)","12.3.6024.0","Microsoft Corporation","20221007"
"Silicon Labs USBXpress Host SDK","6.7.6","Silicon Laboratories Inc.","20240328"
"Smart Switch","4.3.24062.1","Samsung Electronics Co., Ltd.","20250831"
"Smart Switch","4.3.24062.1","Samsung Electronics Co., Ltd.","20250831"
"SQL Server 2014 Common Files","12.3.6024.0","Microsoft Corporation","20231020"
"SQL Server 2014 Common Files","12.3.6024.0","Microsoft Corporation","20221007"
"SQL Server 2014 Database Engine Services","12.3.6024.0","Microsoft Corporation","20221007"
"SQL Server 2014 Database Engine Services","12.3.6024.0","Microsoft Corporation","20231020"
"SQL Server 2014 Database Engine Shared","12.3.6024.0","Microsoft Corporation","20231020"
"SQL Server 2014 Database Engine Shared","12.3.6024.0","Microsoft Corporation","20221007"
"Sql Server Customer Experience Improvement Program","12.3.6024.0","Microsoft Corporation","20231020"
"SQL Server Management Studio","20.2.37.0","Microsoft Corp.","20250916"
"SQL Server Management Studio Language Pack - English","20.2.37.0","Microsoft Corp.","20250916"
"SQLite ODBC Driver for Win64 (remove only)",,,
"SSMS Post Install Tasks","20.2.37.0","Microsoft Corporation","20250916"
"Supply Chain Trust Tools ADK","10.1.26100.2454","Microsoft","20250916"
"Syslog Viewer version 2.27","2.27",,"20250529"
"terraform","1.13.1","Chocolatey",
"tesseract","5.5.0.20241111","Chocolatey",
"Tesseract-OCR - open source OCR engine","5.5.0.20241111","Tesseract-OCR community",
"The Dude",,,
"Toolkit Documentation","10.1.26100.2454","Microsoft","20250916"
"TreeSize Free V4.8.1","4.8.1","JAM Software","20251124"
"UEV Tools on amd64","10.1.26100.2454","Microsoft","20250916"
"UltraVNC","1.6.4.0","uvnc bvba","20250831"
"Universal Adb Driver","1.0.4","ClockworkMod","20220421"
"Universal CRT Extension SDK","10.1.26100.6901","Microsoft Corporation","20251111"
"Universal CRT Headers Libraries and Sources","10.1.26100.6901","Microsoft Corporation","20251111"
"Universal CRT Redistributable","10.0.26624","Microsoft Corporation","20201106"
"Universal CRT Redistributable","10.1.26100.6901","Microsoft Corporation","20251111"
"Universal CRT Tools x64","10.1.26100.6901","Microsoft Corporation","20251111"
"Universal CRT Tools x86","10.1.26100.6901","Microsoft Corporation","20251111"
"Universal General MIDI DLS Extension SDK","10.1.26100.6901","Microsoft Corporation","20251111"
"Universal Holtek RGB DRAM","1.0.0.7","PD",
"Universal Holtek RGB DRAM","1.0.0.7","PD","20241108"
"USBPcap 1.5.4.0","1.5.4.0","Tomasz Mon",
"User State Migration Tool (ClientCore)","10.1.26100.2454","Microsoft","20250916"
"User State Migration Tool (DesktopEditions)","10.1.26100.2454","Microsoft","20250916"
"User State Migration Tool (OnecoreUAP)","10.1.26100.2454","Microsoft","20250916"
"vcpp_crt.redist.clickonce","14.27.29112","Microsoft Corporation","20201106"
"vcpp_crt.redist.clickonce","14.44.35211","Microsoft Corporation","20250802"
"vcredist140","14.44.35211","Chocolatey",
"vcredist2015","14.0.24215.20170201","Chocolatey",
"ViewSonic vDisplay Manager2.0","2.4.0.11","ViewSonic ","20210522"
"ViewSonic vDisplay Manager2.0","2.4.0.11","ViewSonic ","20210522"
"ViewSonic Windows 10 64bit Signed Files",,,
"Visual C++ Library CRT Appx Package","14.44.35208","Microsoft Corporation","20250802"
"Visual C++ Library CRT Appx Package","14.44.35208","Microsoft Corporation","20250802"
"Visual C++ Library CRT Appx Resource Package","14.44.35208","Microsoft Corporation","20250802"
"Visual C++ Library CRT ARM64 Appx Package","14.44.35208","Microsoft Corporation","20250802"
"Visual C++ Library CRT Desktop Appx Package","14.44.35208","Microsoft Corporation","20250802"
"Visual C++ Library CRT Desktop Appx Package","14.44.35208","Microsoft Corporation","20250802"
"Visual C++ Library CRT Desktop Appx Package","14.44.35208","Microsoft Corporation","20250802"
"Visual Profiler","11.2","NVIDIA Corporation","20201226"
"Visual Studio 2017 Isolated Shell for SSMS","15.0.28307.421","Microsoft Corporation","20250222"
"Visual Studio Build Tools 2022","17.14.22 (December 2025)","Microsoft Corporation","20251214"
"Visual Studio Professional 2022 (2)","17.14.20","Microsoft Corporation","20251008"
"visualstudio-installer","2.0.3","Chocolatey",
"visualstudio2019-workload-vctools","1.0.1","Chocolatey",
"visualstudio2019buildtools","16.11.49","Chocolatey",
"VLC media player","3.0.20","VideoLAN",
"VS Immersive Activate Helper","17.0.157.0","Microsoft Corporation","20250106"
"VS Script Debugging Common","17.0.157.0","Microsoft Corporation","20250106"
"vs_clickoncebootstrappermsi","17.14.36015","Microsoft Corporation","20250802"
"vs_clickoncebootstrappermsires","17.14.36015","Microsoft Corporation","20250802"
"vs_clickoncesigntoolmsi","17.14.36015","Microsoft Corporation","20250802"
"vs_communitymsires","17.14.36015","Microsoft Corporation","20250802"
"vs_communitysharedmsi","17.14.36025","Microsoft Corporation","20250802"
"vs_communityx64msi","17.14.36025","Microsoft Corporation","20250802"
"vs_CoreEditorFonts","17.7.40001","Microsoft Corporation","20231016"
"vs_devenvsharedmsi","17.14.36015","Microsoft Corporation","20250802"
"vs_devenx64vmsi","17.14.36015","Microsoft Corporation","20250802"
"vs_filehandler_amd64","17.14.36024","Microsoft Corporation","20250802"
"vs_filehandler_x86","17.14.36024","Microsoft Corporation","20250802"
"vs_FileTracker_Singleton","17.14.36015","Microsoft Corporation","20250802"
"vs_githubprotocolhandlermsi","17.14.36015","Microsoft Corporation","20250802"
"vs_Graphics_Singletonx64","17.14.36015","Microsoft Corporation","20250802"
"vs_Graphics_Singletonx86","17.14.36015","Microsoft Corporation","20250802"
"vs_minshellinteropsharedmsi","17.14.36015","Microsoft Corporation","20250802"
"vs_minshellinteropx64msi","17.14.36015","Microsoft Corporation","20250802"
"vs_minshellmsires","17.14.36015","Microsoft Corporation","20250802"
"vs_minshellsharedmsi","17.14.36024","Microsoft Corporation","20250802"
"vs_minshellx64msi","17.14.36301","Microsoft Corporation","20250802"
"vs_SQLClickOnceBootstrappermsi","17.14.36015","Microsoft Corporation","20250802"
"vs_tipsmsi","17.14.36015","Microsoft Corporation","20250802"
"vs_vswebprotocolselectormsi","17.14.36323","Microsoft Corporation","20250802"
"WD_BLACK AN1500","1.0.14.0","ENE TECHNOLOGY INC.","20220414"
"WD_BLACK AN1500","1.0.14.0","ENE TECHNOLOGY INC.",
"Winamp","5.92.0","Winamp SA",
"WinAppDeploy","10.1.26100.6901","Microsoft Corporation","20251111"
"Windows 11 Installation Assistant","1.4.19041.6448","Microsoft Corporation",
"Windows App Certification Kit Native Components","10.1.26100.6901","Microsoft Corporation","20251111"
"Windows App Certification Kit SupportedApiList x86","10.1.26100.6901","Microsoft Corporation","20251111"
"Windows App Certification Kit x64","10.1.26100.6901","Microsoft Corporation","20251111"
"Windows App Certification Kit x64 (OnecoreUAP)","10.1.26100.6901","Microsoft Corporation","20251111"
"Windows Assessment and Deployment Kit","10.1.26100.2454","Microsoft Corporation",
"Windows Deployment Customizations","10.1.26100.2454","Microsoft","20250916"
"Windows Deployment Image Servicing and Management - Headers and Libraries","10.1.26100.2454","Microsoft","20250916"
"Windows Deployment Image Servicing and Management Tools (DesktopEditions)","10.1.26100.2454","Microsoft","20250916"
"Windows Deployment Image Servicing and Management Tools (OnecoreUAP)","10.1.26100.2454","Microsoft","20250916"
"Windows Deployment Tools","10.1.26100.2454","Microsoft","20250916"
"Windows Deployment Tools Environment","10.1.26100.2454","Microsoft","20250916"
"Windows Desktop Extension SDK","10.1.26100.6901","Microsoft Corporation","20251111"
"Windows Desktop Extension SDK Contracts","10.1.26100.6901","Microsoft Corporation","20251111"
"Windows Driver Package - Cambridge Silicon Radio Ltd. (CSRBC) USB  (11/19/2021 4.0.2.0)","11/19/2021 4.0.2.0","Cambridge Silicon Radio Ltd.",
"Windows Driver Package - Canon U.S.A., Inc. (WUDFRd) Camera  (01/05/2024 17.21.59.264)","01/05/2024 17.21.59.264","Canon U.S.A., Inc.",
"Windows Driver Package - Corsair Components, Inc. (SIUSBXP) USB  (07/14/2017 3.3)","07/14/2017 3.3","Corsair Components, Inc.",
"Windows Driver Package - Dimension Engineering USB Serial Converter (11/11/2016 1.0.3.21)","11/11/2016 1.0.3.21","Dimension Engineering",
"Windows Driver Package - Plantronics, Inc. (usbser.ntamd64) Ports  (04/21/2009 5.1)","04/21/2009 5.1","Plantronics, Inc.",
"Windows Driver Package - Silicon Laboratories Inc. (silabser) Ports  (05/23/2018 6.7.6.2130)","05/23/2018 6.7.6.2130","Silicon Laboratories Inc.",
"Windows Driver Package - Silicon Laboratories Inc. (silabser) Ports  (06/13/2018 6.7.6.2130)","06/13/2018 6.7.6.2130","Silicon Laboratories Inc.",
"Windows IoT Extension SDK","10.1.26100.6901","Microsoft Corporation","20251111"
"Windows IoT Extension SDK Contracts","10.1.26100.6901","Microsoft Corporation","20251111"
"Windows Mobile Extension SDK","10.1.26100.6901","Microsoft Corporation","20251111"
"Windows Mobile Extension SDK Contracts","10.1.26100.6901","Microsoft Corporation","20251111"
"Windows PC Health Check","4.0.2410.23001","Microsoft Corporation","20250831"
"Windows SDK","10.1.26100.6901","Microsoft Corporation","20251111"
"Windows SDK AddOn","10.1.0.0","Microsoft Corporation","20200728"
"Windows SDK ARM64 Desktop Tools","10.1.26100.6901","Microsoft Corporation","20251111"
"Windows SDK Desktop Headers arm64","10.1.26100.6901","Microsoft Corporation","20251111"
"Windows SDK Desktop Headers x64","10.1.26100.6901","Microsoft Corporation","20251111"
"Windows SDK Desktop Headers x86","10.1.26100.6901","Microsoft Corporation","20251111"
"Windows SDK Desktop Libs arm64","10.1.26100.6901","Microsoft Corporation","20251111"
"Windows SDK Desktop Libs x64","10.1.26100.6901","Microsoft Corporation","20251111"
"Windows SDK Desktop Libs x86","10.1.26100.6901","Microsoft Corporation","20251111"
"Windows SDK Desktop Tools arm64","10.1.26100.6901","Microsoft Corporation","20251111"
"Windows SDK Desktop Tools x64","10.1.26100.6901","Microsoft Corporation","20251111"
"Windows SDK Desktop Tools x86","10.1.26100.6901","Microsoft Corporation","20251111"
"Windows SDK DirectX x64 Remote","10.1.26100.6901","Microsoft Corporation","20251111"
"Windows SDK DirectX x86 Remote","10.1.26100.6901","Microsoft Corporation","20251111"
"Windows SDK EULA","10.1.26100.6901","Microsoft Corporations","20251111"
"Windows SDK Facade Windows WinMD Versioned","10.1.26100.6901","Microsoft Corporation","20251111"
"Windows SDK for Windows Store Apps","10.1.26100.6901","Microsoft Corporation","20251111"
"Windows SDK for Windows Store Apps Contracts","10.1.26100.6901","Microsoft Corporation","20251111"
"Windows SDK for Windows Store Apps DirectX x86 Remote","10.1.26100.6901","Microsoft Corporation","20251111"
"Windows SDK for Windows Store Apps Headers","10.1.26100.6901","Microsoft Corporation","20251111"
"Windows SDK for Windows Store Apps Headers OnecoreUap","10.1.26100.6901","Microsoft Corporation","20251111"
"Windows SDK for Windows Store Apps Libs","10.1.26100.6901","Microsoft Corporation","20251111"
"Windows SDK for Windows Store Apps Metadata","10.1.26100.6901","Microsoft Corporation","20251111"
"Windows SDK for Windows Store Apps Tools","10.1.26100.6901","Microsoft Corporation","20251111"
"Windows SDK for Windows Store Managed Apps Libs","10.1.26100.6901","Microsoft Corporation","20251111"
"Windows SDK Modern Non-Versioned Developer Tools","10.1.26100.6901","Microsoft Corporation","20251111"
"Windows SDK Modern Versioned Developer Tools","10.1.26100.6901","Microsoft Corporation","20251111"
"Windows SDK OnecoreUap Headers arm64","10.1.26100.6901","Microsoft Corporation","20251111"
"Windows SDK OnecoreUap Headers x64","10.1.26100.6901","Microsoft Corporation","20251111"
"Windows SDK OnecoreUap Headers x86","10.1.26100.6901","Microsoft Corporation","20251111"
"Windows SDK Redistributables","10.1.26100.6901","Microsoft Corporation","20251111"
"Windows SDK Signing Tools","10.1.26100.6901","Microsoft Corporation","20251111"
"Windows Setup Files (ClientCore)","10.1.26100.2454","Microsoft","20250916"
"Windows Setup Files (DesktopEditions)","10.1.26100.2454","Microsoft","20250916"
"Windows Setup Files (Holographic)","10.1.26100.2454","Microsoft","20250916"
"Windows Setup Files (OnecoreUAP)","10.1.26100.2454","Microsoft","20250916"
"Windows Setup Files (ShellCommon)","10.1.26100.2454","Microsoft","20250916"
"Windows Software Development Kit - Windows 10.0.22621.3233","10.1.22621.3233","Microsoft Corporation",
"Windows Software Development Kit - Windows 10.0.26100.4188","10.1.26100.4188","Microsoft Corporation",
"Windows Software Development Kit - Windows 10.0.26100.6901","10.1.26100.6901","Microsoft Corporation",
"Windows Subsystem for Linux","2.1.5.0","Microsoft Corporation","20240428"
"Windows Subsystem for Linux Update","5.10.102.1","Microsoft Corporation","20230927"
"Windows System Image Manager","10.1.26100.2454","Microsoft","20250916"
"Windows Team Extension SDK","10.1.26100.6901","Microsoft Corporation","20251111"
"Windows Team Extension SDK Contracts","10.1.26100.6901","Microsoft Corporation","20251111"
"windows_toolscorepkg","17.14.36015","Microsoft Corporation","20250802"
"WinRT Intellisense Desktop - en-us","10.1.26100.6901","Microsoft Corporation","20251111"
"WinRT Intellisense Desktop - Other Languages","10.1.26100.6901","Microsoft Corporation","20251111"
"WinRT Intellisense IoT - en-us","10.1.26100.6901","Microsoft Corporation","20251111"
"WinRT Intellisense IoT - Other Languages","10.1.26100.6901","Microsoft Corporation","20251111"
"WinRT Intellisense Mobile - en-us","10.1.26100.6901","Microsoft Corporation","20251111"
"WinRT Intellisense PPI - en-us","10.1.26100.6901","Microsoft Corporation","20251111"
"WinRT Intellisense PPI - Other Languages","10.1.26100.6901","Microsoft Corporation","20251111"
"WinRT Intellisense UAP - en-us","10.1.26100.6901","Microsoft Corporation","20251111"
"WinRT Intellisense UAP - Other Languages","10.1.26100.6901","Microsoft Corporation","20251111"
"WinSCP 6.5.3","6.5.3","Martin Prikryl","20250915"
"Wireshark 4.4.9 x64","4.4.9","The Wireshark developer community, https://www.wireshark.org",
"WLED","0.7.1.0","Woody","20250917"
"Wondershare Creative Center(Build 1.0.15.0)","1.0.15","Wondershare","20231114"
"Wondershare DemoCreator 8(Build 8.8.4)",,"Wondershare Software","20250921"
"Wondershare DemoCreator Spark(Build 6.9.1)",,"Wondershare Software","20240105"
"Wondershare Filmora Template Mode (Beta)(Build 1.5.0)",,"Wondershare Software","20210920"
"Wondershare Helper Compact 2.6.0","2.6.0","Wondershare","20241111"
"Wondershare UniConverter 15(Build 15.7.3.47)","15.7.3.47","Wondershare Software","20250831"
"WPT Redistributables","10.1.26100.2454","Microsoft","20250916"
"WPTx64 (DesktopEditions)","10.1.26100.2454","Microsoft","20250916"
"WPTx64 (OnecoreUAP)","10.1.26100.2454","Microsoft","20250916"
"XnConvert (x64)","1.105.0.0","Pierre-e Gougelet","20250915"
"XnView MP (x64)","1.9.8.0","Pierre-e Gougelet","20251205"
"ZEERAY Hal","1.00.19","Feihui Lighting Technology (Shanghai) Co., Ltd.",
"ZEERAY Hal","1.00.19","Feihui Lighting Technology (Shanghai) Co., Ltd.","20241108"
